"M 31","Andromeda Galaxy",\N,0.7123,41.269,"3.44","190",\N,"/images/m31.jpg","RAW"
"M 110","Andromeda Sat.",\N,0.6733,41.6853,"8.1","21",\N,\N,"Need"
"NGC 6946","Fireworks Galaxy",\N,20.581,60.154,"8.9","11.5",\N,\N,"Need"
"M 1","Crab Nebula",\N,5.5755,22.0145,"8.4","6",\N,\N,"Need"
"M 2","Globular Cluster",\N,21.5583,-0.8239,"6.5","16",\N,\N,"Need"
"M 3","Globular Cluster",\N,13.7033,28.3775,"6.2","18",\N,\N,"Need"
"M 4","Globular Cluster",\N,16.3933,-26.5258,"5.9","36",\N,\N,"Need"
"M 5","Globular Cluster",\N,15.31,2.0811,"5.6","23",\N,\N,"Need"
"M 6","Butterfly Cluster",\N,17.6683,-32.2517,"4.2","25",\N,\N,"Need"
"M 7","Ptolemy Cluster",\N,17.8967,-34.8233,"3.3","80",\N,\N,"Need"
"M 8","Lagoon Nebula",\N,18.0642,-24.3828,"6","90",\N,\N,"Need"
"M 9","Globular Cluster",\N,17.3183,-18.5161,"7.7","12",\N,\N,"Need"
"M 10","Globular Cluster",\N,16.9517,-4.1003,"6.6","20",\N,\N,"Need"
"M 11","Wild Duck Cluster",\N,18.8517,-6.2731,"5.8","14",\N,\N,"Need"
"M 12","Globular Cluster",\N,16.7867,-1.9486,"6.7","16",\N,\N,"Need"
"M 13","Hercules Cluster",\N,16.6947,36.4603,"5.8","20",\N,\N,"Need"
"M 14","Globular Cluster",\N,17.6267,-3.2486,"7.6","11",\N,\N,"Need"
"M 15","Pegasus Cluster",\N,21.5,12.1672,"6.2","18",\N,\N,"Need"
"M 16","Eagle Nebula",\N,18.3144,-13.7983,"6","7",\N,\N,"Need"
"M 17","Omega Nebula",\N,18.3467,-16.1711,"6","11",\N,\N,"Need"
"M 18","Open Cluster",\N,18.3333,-17.1333,"7.5","9",\N,\N,"Need"
"M 19","Globular Cluster",\N,17.0433,-26.2683,"6.8","17",\N,\N,"Need"
"M 20","Trifid Nebula",\N,18.0431,-23.0303,"6.3","28",\N,\N,"Need"
"M 21","Open Cluster",\N,18.0767,-22.5,"6.5","13",\N,\N,"Need"
"M 22","Sagittarius Cluster",\N,18.6067,-23.9042,"5.1","32",\N,\N,"Need"
"M 23","Open Cluster",\N,17.9467,-18.9833,"6.9","27",\N,\N,"Need"
"M 24","Sagittarius Cloud",\N,18.2817,-18.4217,"4.6","90",\N,\N,"Need"
"M 25","Open Cluster",\N,18.5267,-19.1167,"4.6","32",\N,\N,"Need"
"M 26","Open Cluster",\N,18.7533,-9.3833,"8","15",\N,\N,"Need"
"M 27","Dumbbell Nebula",\N,19.9939,22.7211,"7.5","8",\N,\N,"Need"
"M 28","Globular Cluster",\N,18.4083,-24.8711,"6.8","11",\N,\N,"Need"
"M 29","Open Cluster",\N,20.3983,38.5233,"7.1","7",\N,\N,"Need"
"M 30","Globular Cluster",\N,21.6667,-23.1786,"7.2","12",\N,\N,"Need"
"M 32","Andromeda Sat.",\N,0.7139,40.8647,"8.1","8",\N,\N,"Need"
"M 33","Triangulum Galaxy",\N,1.5644,30.6602,"5.7","73",\N,\N,"Need"
"M 34","Open Cluster",\N,2.7017,42.8667,"5.5","35",\N,\N,"Need"
"M 35","Open Cluster",\N,6.1483,24.3333,"5.3","28",\N,\N,"Need"
"M 36","Open Cluster",\N,5.6017,34.1333,"6.3","12",\N,\N,"Need"
"M 37","Open Cluster",\N,5.8733,32.55,"6.2","24",\N,\N,"Need"
"M 38","Star Cluster",\N,5.4783,35.855,"7.4","21",\N,\N,"Need"
"M 39","Open Cluster",\N,21.5367,48.4333,"4.6","32",\N,\N,"Need"
"M 40","Winnecke 4",\N,12.37,58.0833,"8.4","0.8",\N,\N,"Need"
"M 41","Open Cluster",\N,6.7833,-20.7333,"4.5","38",\N,\N,"Need"
"M 42","Orion Nebula",\N,5.5881,-5.3911,"4","65",\N,\N,"Need"
"M 43","De Mairan's Nebula",\N,5.5933,-5.2667,"9","20",\N,\N,"Need"
"M 44","Beehive Cluster",\N,8.6672,19.67,"3.7","95",\N,\N,"Need"
"M 45","Pleiades",\N,3.7836,24.1,"1.6","110",\N,\N,"Need"
"M 46","Open Cluster",\N,7.6967,-14.8167,"6","27",\N,\N,"Need"
"M 47","Open Cluster",\N,7.61,-14.5,"4.4","30",\N,\N,"Need"
"M 48","Open Cluster",\N,8.23,-5.75,"5.5","54",\N,\N,"Need"
"M 49","Elliptical Galaxy",\N,12.4967,8.0017,"8.4","10",\N,\N,"Need"
"M 50","Open Cluster",\N,7.04,-8.3333,"5.9","16",\N,\N,"Need"
"M 51","Whirlpool Galaxy",\N,13.4981,47.1953,"8.4","11",\N,\N,"Need"
"M 52","Open Cluster",\N,23.4033,61.5933,"5","13",\N,\N,"Need"
"M 53","Globular Cluster",\N,13.2133,18.1681,"7.6","13",\N,\N,"Need"
"M 54","Extragalactic Glob",\N,18.9183,-30.4786,"7.6","12",\N,\N,"Need"
"M 55","Globular Cluster",\N,19.6667,-30.9633,"6.3","19",\N,\N,"Need"
"M 56","Globular Cluster",\N,19.2767,30.1847,"8.3","8.8",\N,\N,"Need"
"M 57","Ring Nebula",\N,18.8931,33.0292,"8.8","1.4",\N,\N,"Need"
"M 58","Barred Spiral",\N,12.6283,11.8183,"9.7","6",\N,\N,"Need"
"M 59","Elliptical Galaxy",\N,12.7017,11.6467,"9.6","5",\N,\N,"Need"
"M 60","Elliptical Galaxy",\N,12.7283,11.5517,"8.8","7",\N,\N,"Need"
"M 61","Spiral Galaxy",\N,12.365,4.4714,"9.7","6",\N,\N,"Need"
"M 62","Globular Cluster",\N,17.02,-30.1125,"6.5","15",\N,\N,"Need"
"M 63","Sunflower Galaxy",\N,13.2636,42.0292,"8.6","12",\N,\N,"Need"
"M 64","Black Eye Galaxy",\N,12.9461,21.6828,"8.5","10",\N,\N,"Need"
"M 65","Leo Triplet",\N,11.315,13.0922,"9.3","9",\N,\N,"Need"
"M 66","Leo Triplet",\N,11.3375,12.9914,"8.9","9",\N,\N,"Need"
"M 67","Open Cluster",\N,8.855,11.8167,"6.1","30",\N,\N,"Need"
"M 68","Globular Cluster",\N,12.6583,-26.7433,"7.8","11",\N,\N,"Need"
"M 69","Globular Cluster",\N,18.5233,-32.3481,"7.6","9.8",\N,\N,"Need"
"M 70","Globular Cluster",\N,18.7217,-32.2922,"7.9","8",\N,\N,"Need"
"M 71","Globular Cluster",\N,19.9,18.78,"6.1","7.2",\N,\N,"Need"
"M 72","Globular Cluster",\N,20.8917,-12.5372,"9.3","6.6",\N,\N,"Need"
"M 73","Asterism",\N,20.9833,-12.6333,"9","2.8",\N,\N,"Need"
"M 74","Phantom Galaxy",\N,1.6117,15.7831,"9.4","10",\N,\N,"Need"
"M 75","Globular Cluster",\N,20.1017,-21.9222,"8.5","6.8",\N,\N,"Need"
"M 76","Little Dumbbell",\N,1.7067,51.575,"10.1","2.7",\N,\N,"Need"
"M 77","Cetus A",\N,2.7111,-0.0133,"8.9","7",\N,\N,"Need"
"M 78","Reflection Nebula",\N,5.7783,0.0783,"8.3","8",\N,\N,"Need"
"M 79","Globular Cluster",\N,5.4083,-24.5244,"7.7","8.7",\N,\N,"Need"
"M 80","Globular Cluster",\N,16.285,-22.9761,"7.3","10",\N,\N,"Need"
"M 81","Bode's Galaxy",\N,9.9264,69.0653,"6.9","26",\N,\N,"Need"
"M 82","Cigar Galaxy",\N,9.9312,69.6797,"8.4","11",\N,\N,"Need"
"M 83","Southern Pinwheel",\N,13.6167,-29.8658,"7.5","12",\N,\N,"Need"
"M 84","Lenticular Galaxy",\N,12.4183,12.8864,"9.1","6.5",\N,\N,"Need"
"M 85","Lenticular Galaxy",\N,12.4233,18.19,"9.1","7.1",\N,\N,"Need"
"M 86","Lenticular Galaxy",\N,12.4367,12.9464,"8.9","8.9",\N,\N,"Need"
"M 87","Virgo A",\N,12.5139,12.3911,"8.6","7.2",\N,\N,"Need"
"M 88","Spiral Galaxy",\N,12.5333,14.42,"9.6","7",\N,\N,"Need"
"M 89","Elliptical Galaxy",\N,12.5933,12.555,"9.8","5",\N,\N,"Need"
"M 90","Spiral Galaxy",\N,12.6133,13.1611,"9.5","9.5",\N,\N,"Need"
"M 91","Barred Spiral",\N,12.59,14.4964,"10.2","5.4",\N,\N,"Need"
"M 92","Globular Cluster",\N,17.2856,43.1358,"6.4","14",\N,\N,"Need"
"M 93","Open Cluster",\N,7.7433,-23.8533,"6","22",\N,\N,"Need"
"M 94","Croc's Eye Galaxy",\N,12.8472,41.1203,"8.2","11",\N,\N,"Need"
"M 95","Barred Spiral",\N,10.7333,11.7036,"9.7","7.3",\N,\N,"Need"
"M 96","Spiral Galaxy",\N,10.7781,11.8197,"9.2","7.8",\N,\N,"Need"
"M 97","Owl Nebula",\N,11.2467,55.0192,"9.9","3.4",\N,\N,"Need"
"M 98","Spiral Galaxy",\N,12.23,14.9011,"10.1","9.8",\N,\N,"Need"
"M 99","Comet Galaxy",\N,12.3133,14.4181,"9.9","5.4",\N,\N,"Need"
"M 100","Grand Design Sp.",\N,12.3811,15.8239,"9.3","7.4",\N,\N,"Need"
"M 101","Pinwheel Galaxy",\N,14.0533,54.3489,"7.9","22",\N,\N,"Need"
"M 102","Spindle Galaxy",\N,15.1017,55.7633,"9.9","5.2",\N,\N,"Need"
"M 103","Open Cluster",\N,1.5533,60.7,"7.4","6",\N,\N,"Need"
"M 104","Sombrero Galaxy",\N,12.6664,-11.6214,"8","8.6",\N,\N,"Need"
"M 105","Elliptical Galaxy",\N,10.7964,12.5817,"9.3","5.4",\N,\N,"Need"
"M 106","Spiral Galaxy",\N,12.3164,47.3028,"8.4","18",\N,\N,"Need"
"M 107","Globular Cluster",\N,16.5417,-13.0536,"7.9","13",\N,\N,"Need"
"M 108","Surfboard Galaxy",\N,11.1917,55.6731,"10","8.6",\N,\N,"Need"
"M 109","Barred Spiral",\N,11.96,53.3744,"9.8","7.5",\N,\N,"Need"
"NGC 6543","NGC  6543",\N,269.639,66.633,"11.3","0.623",\N,\N,"Need"
"ANDROMEDA","M  31",\N,10.6847,41.2687,"3.4","199.5",\N,\N,"Need"
"Algol","* bet Per",\N,47.0422,40.9556,"2.1","0",\N,\N,"Need"
"Almach","* gam01 And",\N,30.9748,42.3297,"2.1","0.2",\N,\N,"Need"
"IC 1848","IC 1848",\N,42.855,60.4189,"6.5","24",\N,\N,"Need"
"NGC 1275","NGC  1275",\N,49.9507,41.5117,"12.5","2.6",\N,\N,"Need"
"NGC 147","NGC   147",\N,8.3005,48.5087,"9.5","12.6",\N,\N,"Need"
"NGC 1501","NGC  1501",\N,61.7475,60.9206,"13","0.9",\N,\N,"Need"
"NGC 1514","NGC  1514",\N,62.3208,30.776,"9.5","1.7",\N,\N,"Need"
"NGC 1795","NGC  1795",\N,74.9456,-69.8022,"12.4","1.4",\N,\N,"Need"
"NGC 225","NGC   225",\N,10.805,61.7739,"7","25.9",\N,\N,"Need"
"NGC 2336","NGC  2336",\N,111.767,80.1781,"12.5","4.8",\N,\N,"Need"
"NGC 2346","NGC  2346",\N,107.344,-0.806559,"11.6","0.9",\N,\N,"Need"
"NGC 2392","NGC  2392",\N,112.295,20.9118,"9.7","0.3",\N,\N,"Need"
"NGC 2403","NGC  2403",\N,114.214,65.6027,"8.4","10.2",\N,\N,"Need"
"NGC 2419","NGC  2419",\N,114.535,38.8819,"10.1","4.1",\N,\N,"Need"
"NGC 300","NGC   300",\N,13.7227,-37.6842,"8.1","20.9",\N,\N,"Need"
"NGC 3079","NGC  3079",\N,150.491,55.6798,"10.9","10.8",\N,\N,"Need"
"NGC 3190","NGC  3189",\N,154.524,21.8319,"11.1","6.1",\N,\N,"Need"
"NGC 3242","NGC  3242",\N,156.192,-18.6423,"12.1","0.1",\N,\N,"Need"
"NGC 404","NGC   404",\N,17.3626,35.7181,"11.7","6",\N,\N,"Need"
"NGC 4151","NGC  4151",\N,182.636,39.4058,"11.5","3.3",\N,\N,"Need"
"NGC 4361","NGC  4361",\N,186.128,-18.7849,"13.2","1.4",\N,\N,"Need"
"NGC 4485","NGC  4485",\N,187.63,41.7012,"11.9","1",\N,\N,"Need"
"NGC 4565","NGC  4565",\N,189.087,25.9874,"12.4","13.8",\N,\N,"Need"
"NGC 5189","NGC  5189",\N,203.387,-65.9742,"14.5","2.3",\N,\N,"Need"
"NGC 520","NGC   520",\N,21.1461,3.79241,"11.4","5.1",\N,\N,"Need"
"NGC 5866","M 102",\N,226.623,55.7633,"9.9","6.3",\N,\N,"Need"
"NGC 6537","NGC  6537",\N,271.305,-19.843,"13.6","0.3",\N,\N,"Need"
"NGC 6818","NGC  6818",\N,295.991,-14.1537,"9.3","0.4",\N,\N,"Need"
"NGC 6822","NGC  6822",\N,296.234,-14.7976,"8.1","13.8",\N,\N,"Need"
"NGC 6826","NGC  6826",\N,296.201,50.5251,"9.4","0.7",\N,\N,"Need"
"NGC 6984","NGC  6984",\N,314.475,-51.8708,"12.6","1.6",\N,\N,"Need"
"NGC 7009","NGC  7009",\N,316.045,-11.3635,"12.1","0.7",\N,\N,"Need"
"NGC 7331","NGC  7331",\N,339.267,34.4158,"9.5","10.5",\N,\N,"Need"
"NGC 891","NGC   891",\N,35.6371,42.3483,"9.9","12.3",\N,\N,"Need"
"NGC 925","NGC   925",\N,36.8205,33.5789,"10.1","10.5",\N,\N,"Need"
"3c 273","3C 273",\N,187.278,2.05239,"14.8 ",\N,\N,\N,"Need"
"Abell 21","ACO    21",\N,5.16144,28.6946,\N,"18.9 ",\N,\N,"Need"
"Abell 24","ACO    24",\N,5.625,23.293,\N,\N,\N,\N,"Need"
"Abell 74","ACO    74",\N,9.721,-22.308,\N,\N,\N,\N,"Need"
"Albireo","* bet01 Cyg",\N,292.68,27.9597,"3.1  ",\N,\N,\N,"Need"
"Barnard 150","LDN 1082",\N,312.77,60.18,\N,"20.0 ",\N,\N,"Need"
"Barnard 68","LDN   57",\N,260.659,-23.8261,\N,\N,\N,\N,"Need"
"HD 11154","*   1 Ari A",\N,27.5357,22.2753,"6.2  ",\N,\N,\N,"Need"
"HD 131156","* ksi Boo",\N,222.847,19.1005,"4.6  ",\N,\N,\N,"Need"
"HD 147933","* rho Oph A",\N,246.396,-23.4472,"5.1  ",\N,\N,\N,"Need"
"HD 164669","*  95 Her A",\N,270.377,21.5958,"4.8  ",\N,\N,\N,"Need"
"HD 173582","* eps01 Lyr A",\N,281.085,39.6701,"5.0  ",\N,\N,\N,"Need"
"HD 17506","* eta Per",\N,42.6742,55.8955,"3.8  ",\N,\N,\N,"Need"
"HD 197964","* gam02 Del",\N,311.665,16.1243,"4.2  ",\N,\N,\N,"Need"
"HD 22049","* eps Eri",\N,53.2327,-9.45826,"3.7  ",\N,\N,\N,"Need"
"HD 24554","*  32 Eri B",\N,58.5725,-2.95287,"6.1  ",\N,\N,\N,"Need"
"HD 33802","* iot Lep",\N,78.0746,-11.8691,"4.4  ",\N,\N,\N,"Need"
"HD 33959","*  14 Aur",\N,78.8516,32.6876,"5.0  ",\N,\N,\N,"Need"
"HD 4614","* eta Cas",\N,12.2762,57.8152,"3.4  ",\N,\N,\N,"Need"
"HD 64510","HD  64510",\N,118.864,29.1585,"8.3  ",\N,\N,\N,"Need"
"IC 1318","IC 1318",\N,304.2,41.957,\N,\N,\N,\N,"Need"
"IC 1318B","LBN 078.55+00.85",\N,307,40,\N,\N,\N,\N,"Need"
"IC 1396","IC 1396",\N,324.745,57.5139,\N,"146.0",\N,\N,"Need"
"IC 1795","IC 1795",\N,36.4313,62.1036,\N,"3.1  ",\N,\N,"Need"
"IC 1805","IC 1805",\N,38.21,61.4711,\N,"13.3 ",\N,\N,"Need"
"IC 1843","IC 1843",\N,41.3527,2.88038,\N,"1.3  ",\N,\N,"Need"
"IC 342","IC  342",\N,56.7021,68.0961,\N,"21.9 ",\N,\N,"Need"
"IC 348","IC  348",\N,56.1321,32.1589,\N,"480.0",\N,\N,"Need"
"IC 3481A","IC 3481A",\N,188.237,11.3901,\N,"0.6  ",\N,\N,"Need"
"IC 405","IC  405",\N,79.35,34.38,\N,\N,\N,\N,"Need"
"IC 443","IC  443",\N,94.25,22.57,\N,"45.0 ",\N,\N,"Need"
"IC 446","IC  446",\N,97.7596,10.435,\N,\N,\N,\N,"Need"
"IC 5070","IC 5070",\N,312.75,44.37,\N,\N,\N,\N,"Need"
"IC 5146","IC 5146",\N,328.372,47.246,\N,"8.2  ",\N,\N,"Need"
"LDN 1130","LDN 1130",\N,326.15,58.32,\N,"7.0  ",\N,\N,"Need"
"Mesarthim","* gam Ari",\N,28.3826,19.2939,\N,\N,\N,\N,"Need"
"Mirfak","* alf Per",\N,51.0807,49.8612,"1.8  ",\N,\N,\N,"Need"
"Mizar","* zet UMa",\N,200.981,54.9254,\N,\N,\N,\N,"Need"
"NGC 1023","NGC  1023",\N,40.1001,39.0632,"9.4  ",\N,\N,\N,"Need"
"NGC 1049","NAME Fornax H3",\N,39.9507,-34.2579,\N,\N,\N,\N,"Need"
"NGC 1555","NGC  1555",\N,65.4878,19.5352,\N,\N,\N,\N,"Need"
"NGC 1909","NGC  1909",\N,75.5,-7.9,\N,\N,\N,\N,"Need"
"NGC 1977","NGC  1977",\N,83.815,-4.8189,\N,\N,\N,\N,"Need"
"NGC 2024","NGC  2024",\N,85.429,-1.842,\N,\N,\N,\N,"Need"
"NGC 2158","NGC  2158",\N,91.8621,24.0989,\N,"5.3  ",\N,\N,"Need"
"NGC 2175","NGC  2175",\N,92.413,20.487,"6.8  ",\N,\N,\N,"Need"
"NGC 2237","NGC  2237",\N,97.6504,4.98072,\N,\N,\N,\N,"Need"
"NGC 2238","NGC  2238",\N,97.62,5.05,\N,\N,\N,\N,"Need"
"NGC 2239","NGC  2244",\N,98.045,4.9139,\N,"88.0 ",\N,\N,"Need"
"NGC 2326","NGC  2326",\N,107.046,50.6819,\N,"2.1  ",\N,\N,"Need"
"NGC 2441","NGC  2441",\N,117.978,73.0157,\N,"1.8  ",\N,\N,"Need"
"NGC 2474","NGC  2474",\N,119.496,52.8573,\N,"0.6  ",\N,\N,"Need"
"NGC 2525","NGC  2525",\N,121.409,-11.427,\N,"1.9  ",\N,\N,"Need"
"NGC 281","NGC   281",\N,13.1046,56.565,\N,\N,\N,\N,"Need"
"NGC 4038","NGC  4038",\N,180.471,-18.8676,\N,"5.2  ",\N,\N,"Need"
"NGC 4319","NGC  4319",\N,185.433,75.3225,\N,"2.9  ",\N,\N,"Need"
"NGC 4676","NGC  4676",\N,191.542,30.7316,\N,"2.3  ",\N,\N,"Need"
"NGC 4755","NGC  4755",\N,193.415,-60.3711,\N,"10.3 ",\N,\N,"Need"
"NGC 5893","NGC  5893",\N,228.392,41.9588,\N,"1.1  ",\N,\N,"Need"
"NGC 6188","NGC  6188",\N,250,-48.5,\N,\N,\N,\N,"Need"
"NGC 6231","NGC  6231",\N,253.545,-41.8119,\N,"120.0",\N,\N,"Need"
"NGC 6334","NGC  6334",\N,260.219,-36.131,\N,"18.3 ",\N,\N,"Need"
"NGC 6357","NGC  6357",\N,261.185,-34.203,\N,"6.2  ",\N,\N,"Need"
"NGC 6772","NGC  6772",\N,288.652,-2.70696,\N,"1.1  ",\N,\N,"Need"
"NGC 6781","NGC  6781",\N,289.617,6.53869,\N,"1.8  ",\N,\N,"Need"
"NGC 6888","HD 192163",\N,303.027,38.3549,"7.5  ",\N,\N,\N,"Need"
"NGC 6894","NGC  6894",\N,304.1,30.5648,\N,"0.7  ",\N,\N,"Need"
"NGC 6992","NGC  6992",\N,314.079,31.743,\N,\N,\N,\N,"Need"
"NGC 6995","NGC  6995",\N,314.25,31.22,\N,\N,\N,\N,"Need"
"NGC 7000","NGC  7000",\N,314.696,44.33,\N,\N,\N,\N,"Need"
"NGC 7023","NGC  7023",\N,315.404,68.1633,\N,\N,\N,\N,"Need"
"NGC 7635","NGC  7635",\N,350.201,61.2017,\N,"41.7 ",\N,\N,"Need"
"NGC 7662","NGC  7662",\N,351.474,42.535,\N,"0.4  ",\N,\N,"Need"
"NGC 896","NGC   896",\N,36.45,61.98,\N,\N,\N,\N,"Need"
"abell 1656","ACO  1656",\N,194.935,27.9125,\N,"30.0 ",\N,\N,"Need"
"abell 194","ACO   194",\N,21.5054,-1.3672,\N,"54.3 ",\N,\N,"Need"
"abell 85","ACO    85",\N,10.4009,-9.3251,\N,"21.7 ",\N,\N,"Need"
"barnard 33","NAME Horsehead Nebula",\N,85.2458,-2.4583,\N,"6.0  ",\N,\N,"Need"
"barnard 72","NAME Snake DCld",\N,260.913,-23.695,\N,\N,\N,\N,"Need"
"cloverleaf","QSO J1415+1129",\N,213.943,11.4954,"17.2 ",\N,\N,\N,"Need"
"dwingeloo 1","NAME Cas 2",\N,44.2151,58.9117,\N,\N,\N,\N,"Need"
"hd 1400","HD   1400",\N,4.61991,62.2028,"7.0  ",\N,\N,\N,"Need"
"lalande 21185","HD  95735",\N,165.834,35.9699,"7.5  ",\N,\N,\N,"Need"
"lbn 777","LBN 168.10-19.04",\N,61.2,26.4,\N,\N,\N,\N,"Need"
"ldn 1373","LDN 1373",\N,39.45,61.22,\N,"208.0",\N,\N,"Need"
"maffei 1","UGCA  34",\N,39.1478,59.6549,\N,\N,\N,\N,"Need"
"maffei 2","UGCA  39",\N,40.4795,59.6041,\N,\N,\N,\N,"Need"
"sh 2-101","LBN 071.58+02.86",5,299.979,35.277,\N,\N,\N,\N,"Need"
"sh 2-115","LBN   357",5,308.758,47.04,\N,\N,\N,\N,"Need"
"sh 2-173","LBN 119.57-00.92",5,5.317,61.725,\N,\N,\N,\N,"Need"
"sh 2-188","SH  2-188",6,22.6382,58.414,"17.4 ",\N,\N,\N,"Need"
"sh 2-190","IC 1805",5,38.21,61.4711,\N,"13.3 ",\N,\N,"Need"
"sh 2-240","LBN 180.05-01.66",7,85.28,28.08,\N,\N,\N,\N,"Need"
"sh 2-45","SH  2-45",\N,275.088,-16.2269,\N,\N,\N,\N,"Need"
"ss 433","SS 433",\N,287.957,4.98273,"14.6 ",\N,\N,\N,"Need"
"ugc 12914","Z 477-40",\N,0.409675,23.4837,\N,"2.3  ",\N,\N,"Need"
"ugc 3685","Z 285-16",\N,107.275,61.5956,\N,"2.2  ",\N,\N,"Need"
"ugc 3697","Z 330-26",\N,107.844,71.8364,\N,"3.2  ",\N,\N,"Need"
"wolf 359","Wolf  359",\N,164.12,7.01472,"13.5 ",\N,\N,\N,"Need"
